{
  "grid_size": {
    "nlat": 120,
    "nlon": 360
  },
  "device": "TFRT_CPU_0",
  "zooplankton": {
    "theoretical": {
      "production_mb": 1.812744140625,
      "biomass_mb": 0.164794921875,
      "total_working_set_mb": 2.142333984375
    },
    "age_production": {
      "rss_delta_mb": 20.109375,
      "vms_delta_mb": 1.25,
      "rss_before_mb": 273.59375,
      "rss_after_mb": 293.703125,
      "result_array_mb": 1.812744140625
    },
    "compute_recruitment": {
      "rss_delta_mb": 2.171875,
      "vms_delta_mb": 0.1875,
      "rss_before_mb": 293.703125,
      "rss_after_mb": 295.875,
      "result_array_mb": 0.164794921875
    },
    "update_biomass": {
      "rss_delta_mb": 1.890625,
      "vms_delta_mb": 0.1875,
      "rss_before_mb": 295.875,
      "rss_after_mb": 297.765625,
      "result_array_mb": 0.164794921875
    }
  },
  "transport": {
    "theoretical": {
      "biomass_mb": 0.164794921875,
      "velocity_mb": 0.164794921875,
      "total_working_set_mb": 0.494384765625
    },
    "advection": {
      "rss_delta_mb": 45.421875,
      "vms_delta_mb": 4.46875,
      "rss_before_mb": 316.046875,
      "rss_after_mb": 361.46875,
      "result_array_mb": 0.164794921875
    },
    "diffusion": {
      "rss_delta_mb": 3.921875,
      "vms_delta_mb": 0.375,
      "rss_before_mb": 361.46875,
      "rss_after_mb": 365.390625,
      "result_array_mb": 0.164794921875
    }
  }
}
