grid_size,nlat,nlon,total_cells,age_production_ms,advection_ms,diffusion_ms,age_production_throughput,advection_throughput,diffusion_throughput
30x60,30,60,1800,1.7215835000115476,5.874691500002882,2.020320800011177,1045549.0541050878,306399.06793388503,890947.6158390498
60x120,60,120,7200,1.7843417000221962,6.311695699923803,2.038054300010117,4035101.5727035,1140739.4054321917,3532781.241385109
120x360,120,360,43200,1.8163040999752411,6.539316500038694,2.1094541000366007,23784563.389241304,6606195.005203431,20479232.043612823
